Player,Rank,Vote Share,Year,League,League Rating,League Top Scorer,League Top Assist Provider,League Best Goalkeeper,League Best Player,UCL,UCL Rating,UCL Top Scorer,UCL Top Assist Provider,UCL Best Goalkeeper,UCL Best Player,Continental Cup,Continental Cup Rating,Continental Cup Top Scorer,Continental Cup Top Assist Provider,Continental Cup Best Goalkeeper,Continental Cup Best Player,WC,WC Rating,WC Top Scorer,WC Top Assist Provider,WC Best Goalkeeper,WC Best Player,Other Rating,Time-Weighted Google Trend Score,Wiki Page Views,Position_Defender,Position_Forward,Position_Goalkeeper,Position_Midfielder
Karim Benzema,1,1.0,2022,0.8894069800262434,1.205120636789252,2.171240593367237,-0.30151134457776363,-0.0916698497028211,2.1712405933672376,1.8559214542766738,0.6801900699574219,4.358898943540674,-0.18569533817705192,-0.13018891098082386,5.3851648071345055,-0.2847473987257497,-0.5898385816458167,-0.16012815380508713,-0.09166984970282112,-0.09166984970282112,-0.13018891098082386,-0.18569533817705192,-0.4858991738093781,-0.0916698497028211,-0.16012815380508713,-0.0916698497028211,-0.0916698497028211,0.3212971630677415,1.5985133803478275,0.2391916812579257,0.0,1.0,0.0,0.0
Sadio Mané,2,0.3515482695810564,2022,-1.1243446728633644,-0.5618506850004555,-0.4605661864718382,-0.30151134457776363,-0.0916698497028211,-0.4605661864718383,-0.5388159060803247,0.2507039821867622,-0.22941573387056183,-0.18569533817705192,-0.13018891098082386,-0.18569533817705192,3.5118845842842465,1.743554263306753,-0.16012815380508713,-0.09166984970282112,-0.09166984970282112,7.681145747868607,-0.18569533817705192,-0.4858991738093781,-0.0916698497028211,-0.16012815380508713,-0.0916698497028211,-0.0916698497028211,0.6218089289923594,-0.15928469582657281,-0.018499785171751822,0.0,1.0,0.0,0.0
Kevin De Bruyne,3,0.3187613843351548,2022,0.8894069800262434,1.3783531193176537,-0.4605661864718382,-0.30151134457776363,-0.0916698497028211,2.1712405933672376,-0.5388159060803247,0.3488722308200556,-0.22941573387056183,-0.18569533817705192,-0.13018891098082386,-0.18569533817705192,-0.2847473987257497,-0.5898385816458167,-0.16012815380508713,-0.09166984970282112,-0.09166984970282112,-0.13018891098082386,-0.18569533817705192,-0.4858991738093781,-0.0916698497028211,-0.16012815380508713,-0.0916698497028211,-0.0916698497028211,1.4932930501737545,0.2774445811335726,-0.2637594083020489,0.0,0.0,0.0,1.0
Robert Lewandowski,4,0.3096539162112932,2022,0.8894069800262434,0.3043117276415568,2.171240593367237,-0.30151134457776363,-0.0916698497028211,-0.4605661864718383,-0.5388159060803247,0.5820218213241282,-0.22941573387056183,-0.18569533817705192,-0.13018891098082386,-0.18569533817705192,-0.2847473987257497,-0.5898385816458167,-0.16012815380508713,-0.09166984970282112,-0.09166984970282112,-0.13018891098082386,-0.18569533817705192,-0.4858991738093781,-0.0916698497028211,-0.16012815380508713,-0.0916698497028211,-0.0916698497028211,1.0124742246943663,1.9142850435696939,0.27725871903035704,0.0,1.0,0.0,0.0
Mohamed Salah,5,0.2112932604735883,2022,-1.1243446728633644,-0.8390226570458996,2.171240593367237,3.3166247903554,-0.0916698497028211,-0.4605661864718383,-0.5388159060803247,0.2384329511076004,-0.22941573387056183,-0.18569533817705192,-0.13018891098082386,-0.18569533817705192,-0.2847473987257497,1.6493392090018044,-0.16012815380508713,-0.09166984970282112,-0.09166984970282112,-0.13018891098082386,-0.18569533817705192,-0.4858991738093781,-0.0916698497028211,-0.16012815380508713,-0.0916698497028211,-0.0916698497028211,-0.7304940176684239,0.9202415118129674,0.3914145833602663,0.0,1.0,0.0,0.0
Kylian Mbappé,6,0.1548269581056466,2022,0.8894069800262434,1.343706622811971,2.171240593367237,3.3166247903554,-0.0916698497028211,2.1712405933672376,-0.5388159060803247,0.40613704252281047,-0.22941573387056183,-0.18569533817705192,-0.13018891098082386,-0.18569533817705192,-0.2847473987257497,-0.5898385816458167,-0.16012815380508713,-0.09166984970282112,-0.09166984970282112,-0.13018891098082386,-0.18569533817705192,-0.4858991738093781,-0.0916698497028211,-0.16012815380508713,-0.0916698497028211,-0.0916698497028211,1.6435489331360662,0.8246231394000207,0.24204034516204573,0.0,1.0,0.0,0.0
Thibaut Courtois,7,0.1493624772313297,2022,0.8894069800262434,-1.1854876221027033,-0.4605661864718382,-0.30151134457776363,-0.0916698497028211,-0.4605661864718383,1.8559214542766738,0.4347694483741879,-0.22941573387056183,-0.18569533817705192,7.681145747868607,-0.18569533817705192,-0.2847473987257497,-0.5898385816458167,-0.16012815380508713,-0.09166984970282112,-0.09166984970282112,-0.13018891098082386,-0.18569533817705192,-0.4858991738093781,-0.0916698497028211,-0.16012815380508713,-0.0916698497028211,-0.0916698497028211,-1.3615687261101237,-0.5419817670194645,-0.36258698856468297,0.0,0.0,1.0,0.0
Vinícius Júnior,8,0.1111111111111111,2022,0.8894069800262434,-0.11144623042660946,-0.4605661864718382,-0.30151134457776363,-0.0916698497028211,-0.4605661864718383,1.8559214542766738,0.3488722308200556,-0.22941573387056183,5.3851648071345055,-0.13018891098082386,-0.18569533817705192,-0.2847473987257497,-0.5898385816458167,-0.16012815380508713,-0.09166984970282112,-0.09166984970282112,-0.13018891098082386,-0.18569533817705192,-0.4858991738093781,-0.0916698497028211,-0.16012815380508713,-0.0916698497028211,-0.0916698497028211,-1.4517222558875102,-0.7675010148149253,-0.30206760548210565,0.0,0.0,0.0,1.0
Luka Modrić,9,0.0364298724954462,2022,0.8894069800262434,-0.6657901745174948,-0.4605661864718382,-0.30151134457776363,-0.0916698497028211,-0.4605661864718383,1.8559214542766738,0.2834267317311935,-0.22941573387056183,-0.18569533817705192,-0.13018891098082386,-0.18569533817705192,-0.2847473987257497,-0.5898385816458167,-0.16012815380508713,-0.09166984970282112,-0.09166984970282112,-0.13018891098082386,-0.18569533817705192,-0.4858991738093781,-0.0916698497028211,-0.16012815380508713,-0.0916698497028211,-0.0916698497028211,0.08088775032804604,-0.8359169663933235,-0.2687522169603393,0.0,0.0,0.0,1.0
Erling Haaland,10,0.0327868852459016,2022,-1.1243446728633644,0.9625951612494875,-0.4605661864718382,-0.30151134457776363,-0.0916698497028211,-0.4605661864718383,-0.5388159060803247,0.2384329511076004,-0.22941573387056183,-0.18569533817705192,-0.13018891098082386,-0.18569533817705192,-0.2847473987257497,-0.5898385816458167,-0.16012815380508713,-0.09166984970282112,-0.09166984970282112,-0.13018891098082386,-0.18569533817705192,-0.4858991738093781,-0.0916698497028211,-0.16012815380508713,-0.0916698497028211,-0.0916698497028211,1.132678931064214,1.2003891828186306,0.49409717511796025,0.0,1.0,0.0,0.0
Son Heung-min,11,0.0091074681238615,2022,-1.1243446728633644,0.40825121715859913,2.171240593367237,-0.30151134457776363,-0.0916698497028211,-0.4605661864718383,-0.5388159060803247,-2.624807634030131,-0.22941573387056183,-0.18569533817705192,-0.13018891098082386,-0.18569533817705192,-0.2847473987257497,-0.5898385816458167,-0.16012815380508713,-0.09166984970282112,-0.09166984970282112,-0.13018891098082386,-0.18569533817705192,-0.4858991738093781,-0.0916698497028211,-0.16012815380508713,-0.0916698497028211,-0.0916698497028211,-0.46003342833626726,1.1017151960105704,-0.1833390655499577,0.0,1.0,0.0,0.0
Riyad Mahrez,12,0.0072859744990892,2022,0.8894069800262434,-0.38861820247205364,-0.4605661864718382,-0.30151134457776363,-0.0916698497028211,-0.4605661864718383,-0.5388159060803247,0.5165763222352656,-0.22941573387056183,-0.18569533817705192,-0.13018891098082386,-0.18569533817705192,-0.2847473987257497,1.6179341909001548,-0.16012815380508713,-0.09166984970282112,-0.09166984970282112,-0.13018891098082386,-0.18569533817705192,-0.4858991738093781,-0.0916698497028211,-0.16012815380508713,-0.0916698497028211,-0.0916698497028211,1.282934814026523,1.2207351030592652,-0.43428110201779263,0.0,0.0,0.0,1.0
Sébastien Haller,13,0.0036429872495446,2022,0.8894069800262434,-0.2846787129550113,2.171240593367237,-0.30151134457776363,-0.0916698497028211,-0.4605661864718383,-0.5388159060803247,0.5574797591658048,-0.22941573387056183,-0.18569533817705192,-0.13018891098082386,-0.18569533817705192,-0.2847473987257497,1.6022316818493296,-0.16012815380508713,-0.09166984970282112,-0.09166984970282112,-0.13018891098082386,-0.18569533817705192,-0.4858991738093781,-0.0916698497028211,-0.16012815380508713,-0.0916698497028211,-0.0916698497028211,-1.241364019740276,-0.034675250250230966,-0.37748250019395546,0.0,1.0,0.0,0.0
Fabinho,14,0.0036429872495446,2022,-1.1243446728633644,-1.4626595941481475,-0.4605661864718382,-0.30151134457776363,-0.0916698497028211,-0.4605661864718383,-0.5388159060803247,0.2588846695728699,-0.22941573387056183,-0.18569533817705192,-0.13018891098082386,-0.18569533817705192,-0.2847473987257497,-0.5898385816458167,-0.16012815380508713,-0.09166984970282112,-0.09166984970282112,-0.13018891098082386,-0.18569533817705192,-0.4858991738093781,-0.0916698497028211,-0.16012815380508713,-0.0916698497028211,-0.0916698497028211,-0.4900846049287285,1.8706866430540479,-0.6779350180650326,0.0,0.0,0.0,1.0
Rafael Leão,14,0.0036429872495446,2022,0.8894069800262434,-0.6657901745174948,-0.4605661864718382,-0.30151134457776363,-0.0916698497028211,2.1712405933672376,-0.5388159060803247,0.11572264031598342,-0.22941573387056183,-0.18569533817705192,-0.13018891098082386,-0.18569533817705192,-0.2847473987257497,-0.5898385816458167,-0.16012815380508713,-0.09166984970282112,-0.09166984970282112,-0.13018891098082386,-0.18569533817705192,-0.4858991738093781,-0.0916698497028211,-0.16012815380508713,-0.0916698497028211,-0.0916698497028211,-1.241364019740276,-0.5382554080010332,-0.5620253130956003,0.0,1.0,0.0,0.0
Virgil van Dijk,16,0.0018214936247723,2022,-1.1243446728633644,-0.4232646989777334,-0.4605661864718382,-0.30151134457776363,-0.0916698497028211,-0.4605661864718383,-0.5388159060803247,0.32023982496867853,-0.22941573387056183,-0.18569533817705192,-0.13018891098082386,-0.18569533817705192,-0.2847473987257497,-0.5898385816458167,-0.16012815380508713,-0.09166984970282112,-0.09166984970282112,-0.13018891098082386,-0.18569533817705192,-0.4858991738093781,-0.0916698497028211,-0.16012815380508713,-0.0916698497028211,-0.0916698497028211,0.05083657373558479,-1.0328923041076006,-0.32592595564048266,1.0,0.0,0.0,0.0
Casemiro,17,0.0018214936247723,2022,0.8894069800262434,-0.14609272693228922,-0.4605661864718382,-0.30151134457776363,-0.0916698497028211,-0.4605661864718383,1.8559214542766738,0.2670653569589779,-0.22941573387056183,-0.18569533817705192,-0.13018891098082386,-0.18569533817705192,-0.2847473987257497,-0.5898385816458167,-0.16012815380508713,-0.09166984970282112,-0.09166984970282112,-0.13018891098082386,-0.18569533817705192,-0.4858991738093781,-0.0916698497028211,-0.16012815380508713,-0.0916698497028211,-0.0916698497028211,-0.5501869581136537,-0.9759535383059709,-0.5336883243367002,0.0,0.0,0.0,1.0
Luis Díaz,17,0.0018214936247723,2022,-1.1243446728633644,-0.04215323741524688,-0.4605661864718382,-0.30151134457776363,-0.0916698497028211,-0.4605661864718383,-0.5388159060803247,0.2220715763353848,-0.22941573387056183,-0.18569533817705192,-0.13018891098082386,-0.18569533817705192,-0.2847473987257497,-0.5898385816458167,-0.16012815380508713,-0.09166984970282112,-0.09166984970282112,-0.13018891098082386,-0.18569533817705192,-0.4858991738093781,-0.0916698497028211,-0.16012815380508713,-0.0916698497028211,-0.0916698497028211,-1.27141519633274,-1.042953473457365,-0.6760679285632285,0.0,0.0,0.0,1.0
Dušan Vlahović,17,0.0018214936247723,2022,-1.1243446728633644,-0.5272041884947727,-0.4605661864718382,-0.30151134457776363,-0.0916698497028211,-0.4605661864718383,-0.5388159060803247,0.19752951417706155,-0.22941573387056183,-0.18569533817705192,-0.13018891098082386,-0.18569533817705192,-0.2847473987257497,-0.5898385816458167,-0.16012815380508713,-0.09166984970282112,-0.09166984970282112,-0.13018891098082386,-0.18569533817705192,-0.4858991738093781,-0.0916698497028211,-0.16012815380508713,-0.0916698497028211,-0.0916698497028211,0.05083657373558479,-1.0829000421349484,-0.27289818702791163,0.0,1.0,0.0,0.0
Cristiano Ronaldo,20,0.0,2022,-1.1243446728633644,-0.4925576919890929,-0.4605661864718382,-0.30151134457776363,-0.0916698497028211,-0.4605661864718383,-0.5388159060803247,0.4593115105325111,-0.22941573387056183,-0.18569533817705192,-0.13018891098082386,-0.18569533817705192,-0.2847473987257497,-0.5898385816458167,-0.16012815380508713,-0.09166984970282112,-0.09166984970282112,-0.13018891098082386,-0.18569533817705192,-0.4858991738093781,-0.0916698497028211,-0.16012815380508713,-0.0916698497028211,-0.0916698497028211,0.05083657373558479,1.3787327254407513,4.305991946528374,0.0,1.0,0.0,0.0
Harry Kane,21,0.0,2022,-1.1243446728633644,-0.007506740909567126,-0.4605661864718382,-0.30151134457776363,-0.0916698497028211,-0.4605661864718383,-0.5388159060803247,-2.624807634030131,-0.22941573387056183,-0.18569533817705192,-0.13018891098082386,-0.18569533817705192,-0.2847473987257497,-0.5898385816458167,-0.16012815380508713,-0.09166984970282112,-0.09166984970282112,-0.13018891098082386,-0.18569533817705192,-0.4858991738093781,-0.0916698497028211,-0.16012815380508713,-0.0916698497028211,-0.0916698497028211,0.4114506928451279,0.30024989832637217,0.05126909762257909,0.0,1.0,0.0,0.0
Trent Alexander-Arnold,22,0.0,2022,-1.1243446728633644,0.9279486647438078,-0.4605661864718382,-0.30151134457776363,-0.0916698497028211,-0.4605661864718383,-0.5388159060803247,0.4184080736019723,-0.22941573387056183,-0.18569533817705192,-0.13018891098082386,-0.18569533817705192,-0.2847473987257497,-0.5898385816458167,-0.16012815380508713,-0.09166984970282112,-0.09166984970282112,-0.13018891098082386,-0.18569533817705192,-0.4858991738093781,-0.0916698497028211,-0.16012815380508713,-0.0916698497028211,-0.0916698497028211,0.7420136353622071,-0.8233964000913944,-0.4034238204978599,1.0,0.0,0.0,0.0
Phil Foden,22,0.0,2022,0.8894069800262434,-0.2846787129550113,-0.4605661864718382,-0.30151134457776363,-0.0916698497028211,-0.4605661864718383,-0.5388159060803247,0.2834267317311935,-0.22941573387056183,-0.18569533817705192,-0.13018891098082386,-0.18569533817705192,-0.2847473987257497,-0.5898385816458167,-0.16012815380508713,-0.09166984970282112,-0.09166984970282112,-0.13018891098082386,-0.18569533817705192,-0.4858991738093781,-0.0916698497028211,-0.16012815380508713,-0.0916698497028211,-0.0916698497028211,0.6518601055848233,0.041044365004292545,-0.3501703125236437,0.0,0.0,0.0,1.0
Bernardo Silva,22,0.0,2022,0.8894069800262434,-0.7697296640345371,-0.4605661864718382,-0.30151134457776363,-0.0916698497028211,-0.4605661864718383,-0.5388159060803247,0.21798123264233096,-0.22941573387056183,-0.18569533817705192,-0.13018891098082386,-0.18569533817705192,-0.2847473987257497,-0.5898385816458167,-0.16012815380508713,-0.09166984970282112,-0.09166984970282112,-0.13018891098082386,-0.18569533817705192,-0.4858991738093781,-0.0916698497028211,-0.16012815380508713,-0.0916698497028211,-0.0916698497028211,-0.8506987240382716,-0.14072742791478499,-0.5023651551980531,0.0,0.0,0.0,1.0
João Cancelo,25,0.0,2022,0.8894069800262434,-0.18073922343796897,-0.4605661864718382,-0.30151134457776363,-0.0916698497028211,-0.4605661864718383,-0.5388159060803247,0.4388597920672417,-0.22941573387056183,-0.18569533817705192,-0.13018891098082386,-0.18569533817705192,-0.2847473987257497,-0.5898385816458167,-0.16012815380508713,-0.09166984970282112,-0.09166984970282112,-0.13018891098082386,-0.18569533817705192,-0.4858991738093781,-0.0916698497028211,-0.16012815380508713,-0.0916698497028211,-0.0916698497028211,-0.27972636878149704,-0.9819902399158295,-0.5099902415414621,1.0,0.0,0.0,0.0
Joshua Kimmich,25,0.0,2022,0.8894069800262434,1.4129996158233336,-0.4605661864718382,-0.30151134457776363,-0.0916698497028211,-0.4605661864718383,-0.5388159060803247,0.5083956348491581,-0.22941573387056183,-0.18569533817705192,-0.13018891098082386,-0.18569533817705192,-0.2847473987257497,-0.5898385816458167,-0.16012815380508713,-0.09166984970282112,-0.09166984970282112,-0.13018891098082386,-0.18569533817705192,-0.4858991738093781,-0.0916698497028211,-0.16012815380508713,-0.0916698497028211,-0.0916698497028211,0.9824230481019025,0.8441492606566008,-0.5707687319540352,0.0,0.0,0.0,1.0
Mike Maignan,25,0.0,2022,0.8894069800262434,-0.8043761605402169,-0.4605661864718382,-0.30151134457776363,10.908712114635712,-0.4605661864718383,-0.5388159060803247,0.1688971083256841,-0.22941573387056183,-0.18569533817705192,-0.13018891098082386,-0.18569533817705192,-0.2847473987257497,-0.5898385816458167,-0.16012815380508713,-0.09166984970282112,-0.09166984970282112,-0.13018891098082386,-0.18569533817705192,-0.4858991738093781,-0.0916698497028211,-0.16012815380508713,-0.0916698497028211,-0.0916698497028211,-1.4216710792950489,-0.10152613104088792,-0.5842200678015846,0.0,0.0,1.0,0.0
Christopher Nkunku,25,0.0,2022,-1.1243446728633644,0.7200696857097231,-0.4605661864718382,-0.30151134457776363,-0.0916698497028211,2.1712405933672376,-0.5388159060803247,0.59429285240329,-0.22941573387056183,-0.18569533817705192,-0.13018891098082386,-0.18569533817705192,-0.2847473987257497,-0.5898385816458167,-0.16012815380508713,-0.09166984970282112,-0.09166984970282112,-0.13018891098082386,-0.18569533817705192,-0.4858991738093781,-0.0916698497028211,-0.16012815380508713,-0.0916698497028211,-0.0916698497028211,0.1109389269205073,0.4477391882758817,-0.4787449309956332,0.0,1.0,0.0,0.0
Darwin Núñez,25,0.0,2022,-1.1243446728633644,0.33895822414723964,2.171240593367237,-0.30151134457776363,-0.0916698497028211,2.1712405933672376,-0.5388159060803247,0.26297501326592365,-0.22941573387056183,-0.18569533817705192,-0.13018891098082386,-0.18569533817705192,-0.2847473987257497,-0.5898385816458167,-0.16012815380508713,-0.09166984970282112,-0.09166984970282112,-0.13018891098082386,-0.18569533817705192,-0.4858991738093781,-0.0916698497028211,-0.16012815380508713,-0.0916698497028211,-0.0916698497028211,-1.782285198404592,0.7787889234733162,-0.19869060608002287,0.0,1.0,0.0,0.0
Antonio Rüdiger,25,0.0,2022,-1.1243446728633644,-0.942962146562939,-0.4605661864718382,-0.30151134457776363,-0.0916698497028211,-0.4605661864718383,-0.5388159060803247,0.27115570065203165,-0.22941573387056183,-0.18569533817705192,-0.13018891098082386,-0.18569533817705192,-0.2847473987257497,-0.5898385816458167,-0.16012815380508713,-0.09166984970282112,-0.09166984970282112,-0.13018891098082386,-0.18569533817705192,-0.4858991738093781,-0.0916698497028211,-0.16012815380508713,-0.0916698497028211,-0.0916698497028211,-0.2496751921890358,0.06362610065598583,-0.3641838480803743,1.0,0.0,0.0,0.0
Lionel Messi,1,1.0,2023,0.8894069800262434,2.521687504005107,-0.4605661864718382,3.3166247903554,-0.0916698497028211,-0.4605661864718383,-0.5388159060803247,0.6188349145616132,-0.22941573387056183,-0.18569533817705192,-0.13018891098082386,-0.18569533817705192,-0.2847473987257497,-0.5898385816458167,-0.16012815380508713,-0.09166984970282112,-0.09166984970282112,-0.13018891098082386,5.3851648071345055,2.456177336797253,-0.0916698497028211,6.244997998398398,-0.0916698497028211,10.908712114635712,3.4165683520913177,0.561095029616561,7.50202701825983,0.0,1.0,0.0,0.0
Erling Haaland,2,0.7727272727272727,2023,0.8894069800262434,-0.07679973392092664,2.171240593367237,-0.30151134457776363,-0.0916698497028211,2.1712405933672376,1.8559214542766738,0.40613704252281047,4.358898943540674,-0.18569533817705192,-0.13018891098082386,-0.18569533817705192,-0.2847473987257497,-0.5898385816458167,-0.16012815380508713,-0.09166984970282112,-0.09166984970282112,-0.13018891098082386,-0.18569533817705192,-0.4858991738093781,-0.0916698497028211,-0.16012815380508713,-0.0916698497028211,-0.0916698497028211,-0.46003342833626726,-0.6432642051404266,2.6629774525541112,0.0,1.0,0.0,0.0
Kylian Mbappé,3,0.5844155844155844,2023,0.8894069800262434,0.13107924511315497,2.171240593367237,-0.30151134457776363,-0.0916698497028211,2.1712405933672376,-0.5388159060803247,0.45522116683945735,-0.22941573387056183,-0.18569533817705192,-0.13018891098082386,-0.18569533817705192,-0.2847473987257497,-0.5898385816458167,-0.16012815380508713,-0.09166984970282112,-0.09166984970282112,-0.13018891098082386,-0.18569533817705192,2.2213804205940635,10.908712114635712,-0.16012815380508713,-0.0916698497028211,-0.0916698497028211,1.9741118756531453,-0.47520541340917616,3.4610115977447324,0.0,1.0,0.0,0.0
Kevin De Bruyne,4,0.2164502164502164,2023,0.8894069800262434,1.3783531193176537,-0.4605661864718382,3.3166247903554,-0.0916698497028211,-0.4605661864718383,1.8559214542766738,0.48794391638388857,-0.22941573387056183,5.3851648071345055,-0.13018891098082386,-0.18569533817705192,-0.2847473987257497,-0.5898385816458167,-0.16012815380508713,-0.09166984970282112,-0.09166984970282112,-0.13018891098082386,-0.18569533817705192,2.0755217302254154,-0.0916698497028211,-0.16012815380508713,-0.0916698497028211,-0.0916698497028211,1.1627301076566754,-0.9087300216134705,0.05740930937438272,0.0,0.0,0.0,1.0
Rodri,5,0.1233766233766233,2023,0.8894069800262434,-0.21538571994364872,-0.4605661864718382,-0.30151134457776363,-0.0916698497028211,-0.4605661864718383,1.8559214542766738,0.40204669882975663,-0.22941573387056183,-0.18569533817705192,-0.13018891098082386,5.3851648071345055,-0.2847473987257497,-0.5898385816458167,-0.16012815380508713,-0.09166984970282112,-0.09166984970282112,-0.13018891098082386,-0.18569533817705192,2.217822891560682,-0.0916698497028211,-0.16012815380508713,-0.0916698497028211,-0.0916698497028211,-0.27972636878149704,-0.9172261201754939,-0.6766521207970045,0.0,0.0,0.0,1.0
Vinícius Júnior,6,0.106060606060606,2023,-1.1243446728633644,-1.1508411255970237,-0.4605661864718382,-0.30151134457776363,-0.0916698497028211,-0.4605661864718383,-0.5388159060803247,0.2834267317311935,-0.22941573387056183,-0.18569533817705192,-0.13018891098082386,-0.18569533817705192,-0.2847473987257497,-0.5898385816458167,-0.16012815380508713,-0.09166984970282112,-0.09166984970282112,-0.13018891098082386,-0.18569533817705192,2.0043711495577825,-0.0916698497028211,-0.16012815380508713,-0.0916698497028211,-0.0916698497028211,-0.3097775453739583,-0.5908715973412829,0.0007350790689435211,0.0,1.0,0.0,0.0
Julián Álvarez,7,0.0606060606060606,2023,0.8894069800262434,-1.670538573182229,-0.4605661864718382,-0.30151134457776363,-0.0916698497028211,-0.4605661864718383,1.8559214542766738,0.2670653569589779,-0.22941573387056183,-0.18569533817705192,-0.13018891098082386,-0.18569533817705192,-0.2847473987257497,-0.5898385816458167,-0.16012815380508713,-0.09166984970282112,-0.09166984970282112,-0.13018891098082386,5.3851648071345055,2.0043711495577825,-0.0916698497028211,-0.16012815380508713,-0.0916698497028211,-0.0916698497028211,-0.4900846049287285,-0.4630574830090902,-0.675276703253095,0.0,1.0,0.0,0.0
Victor Osimhen,8,0.0519480519480519,2023,0.8894069800262434,-0.631143678011815,2.171240593367237,-0.30151134457776363,-0.0916698497028211,-0.4605661864718383,-0.5388159060803247,0.38159498036448686,-0.22941573387056183,-0.18569533817705192,-0.13018891098082386,-0.18569533817705192,-0.2847473987257497,-0.5898385816458167,-0.16012815380508713,-0.09166984970282112,-0.09166984970282112,-0.13018891098082386,-0.18569533817705192,-0.4858991738093781,-0.0916698497028211,-0.16012815380508713,-0.0916698497028211,-0.0916698497028211,0.08088775032804604,0.06861942174068388,-0.11767798188970703,0.0,1.0,0.0,0.0
Bernardo Silva,9,0.0432900432900432,2023,0.8894069800262434,-1.705185069687912,-0.4605661864718382,-0.30151134457776363,-0.0916698497028211,-0.4605661864718383,1.8559214542766738,0.3079687938895167,-0.22941573387056183,-0.18569533817705192,-0.13018891098082386,-0.18569533817705192,-0.2847473987257497,-0.5898385816458167,-0.16012815380508713,-0.09166984970282112,-0.09166984970282112,-0.13018891098082386,-0.18569533817705192,1.8834151624228064,-0.0916698497028211,-0.16012815380508713,-0.0916698497028211,-0.0916698497028211,-1.27141519633274,0.8923683463551015,-0.3705156728625554,0.0,0.0,0.0,1.0
Luka Modrić,10,0.0411255411255411,2023,-1.1243446728633644,-1.4973060906538274,-0.4605661864718382,-0.30151134457776363,-0.0916698497028211,-0.4605661864718383,-0.5388159060803247,0.2670653569589779,-0.22941573387056183,-0.18569533817705192,-0.13018891098082386,-0.18569533817705192,-0.2847473987257497,-0.5898385816458167,-0.16012815380508713,-0.09166984970282112,-0.09166984970282112,-0.13018891098082386,-0.18569533817705192,2.0897518463589426,-0.0916698497028211,-0.16012815380508713,-0.0916698497028211,-0.0916698497028211,-0.3097775453739583,-0.5039729050314656,0.28118223597559144,0.0,0.0,0.0,1.0
Mohamed Salah,11,0.0281385281385281,2023,-1.1243446728633644,-0.8043761605402169,-0.4605661864718382,-0.30151134457776363,-0.0916698497028211,-0.4605661864718383,-0.5388159060803247,0.5247570096213736,-0.22941573387056183,-0.18569533817705192,-0.13018891098082386,-0.18569533817705192,-0.2847473987257497,-0.5898385816458167,-0.16012815380508713,-0.09166984970282112,-0.09166984970282112,-0.13018891098082386,-0.18569533817705192,-0.4858991738093781,-0.0916698497028211,-0.16012815380508713,-0.0916698497028211,-0.0916698497028211,0.20109245669789375,-0.025731988605995848,0.17684059894300713,0.0,1.0,0.0,0.0
Robert Lewandowski,12,0.0259740259740259,2023,0.8894069800262434,-0.18073922343796897,2.171240593367237,-0.30151134457776363,-0.0916698497028211,-0.4605661864718383,-0.5388159060803247,0.639286633026883,-0.22941573387056183,-0.18569533817705192,-0.13018891098082386,-0.18569533817705192,-0.2847473987257497,-0.5898385816458167,-0.16012815380508713,-0.09166984970282112,-0.09166984970282112,-0.13018891098082386,-0.18569533817705192,2.0221587947246906,-0.0916698497028211,-0.16012815380508713,-0.0916698497028211,-0.0916698497028211,-0.4900846049287285,0.44229870410897215,0.46446869431130533,0.0,1.0,0.0,0.0
Yassine Bounou,13,0.0216450216450216,2023,-1.1243446728633644,-2.432761496307202,-0.4605661864718382,-0.30151134457776363,-0.0916698497028211,-0.4605661864718383,-0.5388159060803247,-0.015168357861741564,-0.22941573387056183,-0.18569533817705192,-0.13018891098082386,-0.18569533817705192,-0.2847473987257497,-0.5898385816458167,-0.16012815380508713,-0.09166984970282112,-0.09166984970282112,-0.13018891098082386,-0.18569533817705192,1.9972560914910196,-0.0916698497028211,-0.16012815380508713,-0.0916698497028211,-0.0916698497028211,-1.1512104899628923,-0.6543687550153519,-0.24814117681281733,0.0,0.0,1.0,0.0
İlkay Gündoğan,14,0.0173160173160173,2023,0.8894069800262434,-0.8736691535515795,-0.4605661864718382,-0.30151134457776363,-0.0916698497028211,-0.4605661864718383,1.8559214542766738,0.27115570065203165,-0.22941573387056183,-0.18569533817705192,-0.13018891098082386,-0.18569533817705192,-0.2847473987257497,-0.5898385816458167,-0.16012815380508713,-0.09166984970282112,-0.09166984970282112,-0.13018891098082386,-0.18569533817705192,2.0755217302254154,-0.0916698497028211,-0.16012815380508713,-0.0916698497028211,-0.0916698497028211,-1.0009546070005833,-0.5012153993578264,-0.11103320601041884,0.0,0.0,0.0,1.0
Emiliano Martínez,15,0.0151515151515151,2023,-1.1243446728633644,-1.3587201046311053,-0.4605661864718382,-0.30151134457776363,-0.0916698497028211,-0.4605661864718383,-0.5388159060803247,-2.624807634030131,-0.22941573387056183,-0.18569533817705192,-0.13018891098082386,-0.18569533817705192,-0.2847473987257497,-0.5898385816458167,-0.16012815380508713,-0.09166984970282112,-0.09166984970282112,-0.13018891098082386,5.3851648071345055,1.9118753946898597,-0.0916698497028211,-0.16012815380508713,10.908712114635712,-0.0916698497028211,-0.9408522538156581,-0.4901108494829013,0.2051462420346687,0.0,0.0,1.0,0.0
Karim Benzema,16,0.0129870129870129,2023,-1.1243446728633644,0.3043117276415568,-0.4605661864718382,-0.30151134457776363,-0.0916698497028211,-0.4605661864718383,-0.5388159060803247,0.3038784501964629,-0.22941573387056183,-0.18569533817705192,-0.13018891098082386,-0.18569533817705192,-0.2847473987257497,-0.5898385816458167,-0.16012815380508713,-0.09166984970282112,-0.09166984970282112,-0.13018891098082386,-0.18569533817705192,-0.4858991738093781,-0.0916698497028211,-0.16012815380508713,-0.0916698497028211,-0.0916698497028211,0.9523718715094412,0.5562507628926007,0.7350022783784933,0.0,1.0,0.0,0.0
Khvicha Kvaratskhelia,17,0.0129870129870129,2023,0.8894069800262434,-0.2846787129550113,-0.4605661864718382,3.3166247903554,-0.0916698497028211,2.1712405933672376,-0.5388159060803247,0.25479432587981604,-0.22941573387056183,-0.18569533817705192,-0.13018891098082386,-0.18569533817705192,-0.2847473987257497,-0.5898385816458167,-0.16012815380508713,-0.09166984970282112,-0.09166984970282112,-0.13018891098082386,-0.18569533817705192,-0.4858991738093781,-0.0916698497028211,-0.16012815380508713,-0.0916698497028211,-0.0916698497028211,0.14099010351297123,-0.8367367653773784,-0.0798695458719935,0.0,1.0,0.0,0.0
Jude Bellingham,18,0.0108225108225108,2023,-1.1243446728633644,0.06178625210179546,-0.4605661864718382,-0.30151134457776363,-0.0916698497028211,2.1712405933672376,-0.5388159060803247,0.33251085604784036,-0.22941573387056183,-0.18569533817705192,-0.13018891098082386,-0.18569533817705192,-0.2847473987257497,-0.5898385816458167,-0.16012815380508713,-0.09166984970282112,-0.09166984970282112,-0.13018891098082386,-0.18569533817705192,2.125327136692759,-0.0916698497028211,-0.16012815380508713,-0.0916698497028211,-0.0916698497028211,-0.3698798985588808,0.7787143962929474,0.5294062997486798,0.0,0.0,0.0,1.0
Harry Kane,19,0.0086580086580086,2023,-1.1243446728633644,0.20037223812451754,-0.4605661864718382,-0.30151134457776363,-0.0916698497028211,-0.4605661864718383,-0.5388159060803247,0.2343426074145466,-0.22941573387056183,-0.18569533817705192,-0.13018891098082386,-0.18569533817705192,-0.2847473987257497,-0.5898385816458167,-0.16012815380508713,-0.09166984970282112,-0.09166984970282112,-0.13018891098082386,-0.18569533817705192,2.0826367882921786,-0.0916698497028211,6.244997998398398,-0.0916698497028211,-0.0916698497028211,-0.21962401559657188,1.2099286619058145,0.679146827235841,0.0,1.0,0.0,0.0
Lautaro Martínez,20,0.0086580086580086,2023,-1.1243446728633644,-0.5272041884947727,-0.4605661864718382,-0.30151134457776363,-0.0916698497028211,-0.4605661864718383,-0.5388159060803247,0.2384329511076004,-0.22941573387056183,-0.18569533817705192,-0.13018891098082386,-0.18569533817705192,-0.2847473987257497,-0.5898385816458167,-0.16012815380508713,-0.09166984970282112,-0.09166984970282112,-0.13018891098082386,5.3851648071345055,1.7731317623879748,-0.0916698497028211,-0.16012815380508713,-0.0916698497028211,-0.0916698497028211,-0.42998225174380605,-0.8901727537016827,-0.33117281587598846,0.0,1.0,0.0,0.0
Antoine Griezmann,21,0.0086580086580086,2023,-1.1243446728633644,1.2397671332949316,-0.4605661864718382,3.3166247903554,-0.0916698497028211,-0.4605661864718383,-0.5388159060803247,0.33251085604784036,-0.22941573387056183,-0.18569533817705192,-0.13018891098082386,-0.18569533817705192,-0.2847473987257497,-0.5898385816458167,-0.16012815380508713,-0.09166984970282112,-0.09166984970282112,-0.13018891098082386,-0.18569533817705192,2.2533981818944984,-0.0916698497028211,6.244997998398398,-0.0916698497028211,-0.0916698497028211,0.3212971630677415,0.29294623465024666,-0.004348985927033201,0.0,1.0,0.0,0.0
Kim Min-jae,22,0.0064935064935064,2023,0.8894069800262434,-0.5618506850004555,-0.4605661864718382,-0.30151134457776363,-0.0916698497028211,-0.4605661864718383,-0.5388159060803247,0.32433016866173237,-0.22941573387056183,-0.18569533817705192,-0.13018891098082386,-0.18569533817705192,-0.2847473987257497,-0.5898385816458167,-0.16012815380508713,-0.09166984970282112,-0.09166984970282112,-0.13018891098082386,-0.18569533817705192,1.9438931559902946,-0.0916698497028211,-0.16012815380508713,-0.0916698497028211,-0.0916698497028211,-1.5118246090724354,-0.4104412936688406,-0.6780242521016068,1.0,0.0,0.0,0.0
André Onana,23,0.0043290043290043,2023,-1.1243446728633644,-1.3587201046311053,-0.4605661864718382,-0.30151134457776363,-0.0916698497028211,-0.4605661864718383,-0.5388159060803247,0.40613704252281047,-0.22941573387056183,-0.18569533817705192,-0.13018891098082386,-0.18569533817705192,-0.2847473987257497,-0.5898385816458167,-0.16012815380508713,-0.09166984970282112,-0.09166984970282112,-0.13018891098082386,-0.18569533817705192,1.8976452785563327,-0.0916698497028211,-0.16012815380508713,-0.0916698497028211,-0.0916698497028211,-0.5201357815211924,-0.7575143726455295,-0.26282965536573216,0.0,0.0,1.0,0.0
Bukayo Saka,24,0.0021645021645021,2023,-1.1243446728633644,-0.25003221644933155,-0.4605661864718382,-0.30151134457776363,-0.0916698497028211,-0.4605661864718383,-0.5388159060803247,-2.624807634030131,-0.22941573387056183,-0.18569533817705192,-0.13018891098082386,-0.18569533817705192,-0.2847473987257497,-0.5898385816458167,-0.16012815380508713,-0.09166984970282112,-0.09166984970282112,-0.13018891098082386,-0.18569533817705192,2.217822891560682,-0.0916698497028211,-0.16012815380508713,-0.0916698497028211,-0.0916698497028211,-0.3698798985588808,0.11363383868333371,0.07600714876474685,0.0,1.0,0.0,0.0
Joško Gvardiol,25,0.0021645021645021,2023,-1.1243446728633644,-1.531952587159507,-0.4605661864718382,-0.30151134457776363,-0.0916698497028211,-0.4605661864718383,-0.5388159060803247,0.2261619200284386,-0.22941573387056183,-0.18569533817705192,-0.13018891098082386,-0.18569533817705192,-0.2847473987257497,-0.5898385816458167,-0.16012815380508713,-0.09166984970282112,-0.09166984970282112,-0.13018891098082386,-0.18569533817705192,2.061291614091889,-0.0916698497028211,-0.16012815380508713,-0.0916698497028211,-0.0916698497028211,-1.4216710792950489,-0.6880550405419705,-0.3896992212125296,1.0,0.0,0.0,0.0
Jamal Musiala,26,0.0,2023,0.8894069800262434,-1.1508411255970237,-0.4605661864718382,-0.30151134457776363,-0.0916698497028211,-0.4605661864718383,-0.5388159060803247,0.1443550461673605,-0.22941573387056183,-0.18569533817705192,-0.13018891098082386,-0.18569533817705192,-0.2847473987257497,-0.5898385816458167,-0.16012815380508713,-0.09166984970282112,-0.09166984970282112,-0.13018891098082386,-0.18569533817705192,1.9225479817900044,-0.0916698497028211,-0.16012815380508713,-0.0916698497028211,-0.0916698497028211,-0.3999310751513448,-0.007100193513839448,-0.0973586586776145,0.0,0.0,0.0,1.0
Nicolò Barella,27,0.0,2023,-1.1243446728633644,-1.0469016360799812,-0.4605661864718382,-0.30151134457776363,-0.0916698497028211,-0.4605661864718383,-0.5388159060803247,0.2302522637214928,-0.22941573387056183,-0.18569533817705192,-0.13018891098082386,-0.18569533817705192,-0.2847473987257497,-0.5898385816458167,-0.16012815380508713,-0.09166984970282112,-0.09166984970282112,-0.13018891098082386,-0.18569533817705192,-0.4858991738093781,-0.0916698497028211,-0.16012815380508713,-0.0916698497028211,-0.0916698497028211,-1.1812616665553535,-0.9379446763179716,-0.5688065942999595,0.0,0.0,0.0,1.0
Randal Kolo Muani,28,0.0,2023,-1.1243446728633644,-1.0469016360799812,-0.4605661864718382,-0.30151134457776363,-0.0916698497028211,-0.4605661864718383,-0.5388159060803247,0.07072885969239037,-0.22941573387056183,-0.18569533817705192,-0.13018891098082386,-0.18569533817705192,-0.2847473987257497,-0.5898385816458167,-0.16012815380508713,-0.09166984970282112,-0.09166984970282112,-0.13018891098082386,-0.18569533817705192,2.0150437366579275,-0.0916698497028211,-0.16012815380508713,-0.0916698497028211,-0.0916698497028211,-1.0009546070005833,-0.5887848362909613,-0.3605687320547447,0.0,1.0,0.0,0.0
Martin Ødegaard,28,0.0,2023,-1.1243446728633644,-0.11144623042660946,-0.4605661864718382,-0.30151134457776363,-0.0916698497028211,-0.4605661864718383,-0.5388159060803247,-2.624807634030131,-0.22941573387056183,-0.18569533817705192,-0.13018891098082386,-0.18569533817705192,-0.2847473987257497,-0.5898385816458167,-0.16012815380508713,-0.09166984970282112,-0.09166984970282112,-0.13018891098082386,-0.18569533817705192,-0.4858991738093781,-0.0916698497028211,-0.16012815380508713,-0.0916698497028211,-0.0916698497028211,-0.9709034304081193,-0.6941662693321977,-0.21050109736269135,0.0,0.0,0.0,1.0
Rúben Dias,30,0.0,2023,0.8894069800262434,-1.393366601136785,-0.4605661864718382,-0.30151134457776363,-0.0916698497028211,-0.4605661864718383,1.8559214542766738,0.40613704252281047,-0.22941573387056183,-0.18569533817705192,-0.13018891098082386,-0.18569533817705192,-0.2847473987257497,-0.5898385816458167,-0.16012815380508713,-0.09166984970282112,-0.09166984970282112,-0.13018891098082386,-0.18569533817705192,1.8798576333894248,-0.0916698497028211,-0.16012815380508713,-0.0916698497028211,-0.0916698497028211,-0.3999310751513448,-0.9711092715820101,-0.5203772856288071,1.0,0.0,0.0,0.0
Rodri,1,1.0,2024,0.8894069800262434,2.1752225389483035,-0.4605661864718382,-0.30151134457776363,-0.0916698497028211,-0.4605661864718383,-0.5388159060803247,0.5902025087102362,-0.22941573387056183,-0.18569533817705192,-0.13018891098082386,-0.18569533817705192,3.5118845842842465,1.6870252307237836,-0.16012815380508713,-0.09166984970282112,-0.09166984970282112,7.681145747868607,-0.18569533817705192,-0.4858991738093781,-0.0916698497028211,-0.16012815380508713,-0.0916698497028211,-0.0916698497028211,1.6134977565436022,-0.06500781266026127,-0.6747632915582447,0.0,0.0,0.0,1.0
Vinícius Júnior,2,0.964957264957265,2024,0.8894069800262434,-0.18073922343796897,-0.4605661864718382,-0.30151134457776363,-0.0916698497028211,-0.4605661864718383,1.8559214542766738,0.5083956348491581,-0.22941573387056183,-0.18569533817705192,-0.13018891098082386,5.3851648071345055,-0.2847473987257497,1.6713227216729591,-0.16012815380508713,-0.09166984970282112,-0.09166984970282112,-0.13018891098082386,-0.18569533817705192,-0.4858991738093781,-0.0916698497028211,-0.16012815380508713,-0.0916698497028211,-0.0916698497028211,-0.4900846049287285,-0.9827355117195157,-0.04030297182489364,0.0,1.0,0.0,0.0
Jude Bellingham,3,0.7837606837606838,2024,0.8894069800262434,2.3138085249710287,-0.4605661864718382,-0.30151134457776363,-0.0916698497028211,2.1712405933672376,1.8559214542766738,0.5411183843935893,-0.22941573387056183,5.3851648071345055,-0.13018891098082386,-0.18569533817705192,-0.2847473987257497,1.7341327578762582,-0.16012815380508713,-0.09166984970282112,-0.09166984970282112,-0.13018891098082386,-0.18569533817705192,-0.4858991738093781,-0.0916698497028211,-0.16012815380508713,-0.0916698497028211,-0.0916698497028211,1.3430371672114456,1.7539025514164117,1.5018305478949727,0.0,0.0,0.0,1.0
Dani Carvajal,4,0.4700854700854701,2024,0.8894069800262434,-0.5272041884947727,-0.4605661864718382,-0.30151134457776363,-0.0916698497028211,-0.4605661864718383,1.8559214542766738,0.28751707542424726,-0.22941573387056183,-0.18569533817705192,-0.13018891098082386,-0.18569533817705192,3.5118845842842465,1.665041718052629,-0.16012815380508713,-0.09166984970282112,-0.09166984970282112,-0.13018891098082386,-0.18569533817705192,-0.4858991738093781,-0.0916698497028211,-0.16012815380508713,-0.0916698497028211,-0.0916698497028211,0.5316553992149756,-0.8365131838362725,-0.3569606940830076,1.0,0.0,0.0,0.0
Erling Haaland,5,0.3692307692307692,2024,0.8894069800262434,-0.07679973392092664,2.171240593367237,-0.30151134457776363,-0.0916698497028211,-0.4605661864718383,-0.5388159060803247,0.32433016866173237,-0.22941573387056183,-0.18569533817705192,-0.13018891098082386,-0.18569533817705192,-0.2847473987257497,-0.5898385816458167,-0.16012815380508713,-0.09166984970282112,-0.09166984970282112,-0.13018891098082386,-0.18569533817705192,-0.4858991738093781,-0.0916698497028211,-0.16012815380508713,-0.0916698497028211,-0.0916698497028211,-0.3698798985588808,-0.26995755867398163,0.8104758198225959,0.0,1.0,0.0,0.0
Kylian Mbappé,6,0.358974358974359,2024,0.8894069800262434,1.7594645808801372,2.171240593367237,-0.30151134457776363,-0.0916698497028211,2.1712405933672376,-0.5388159060803247,0.5206666659283198,4.358898943540674,-0.18569533817705192,-0.13018891098082386,-0.18569533817705192,-0.2847473987257497,1.7466947651169185,-0.16012815380508713,-0.09166984970282112,-0.09166984970282112,-0.13018891098082386,-0.18569533817705192,-0.4858991738093781,-0.0916698497028211,-0.16012815380508713,-0.0916698497028211,-0.0916698497028211,2.424879524540075,-0.7218903804293265,1.4039228618507336,0.0,1.0,0.0,0.0
Lautaro Martínez,7,0.3435897435897436,2024,0.8894069800262434,0.40825121715859913,2.171240593367237,-0.30151134457776363,-0.0916698497028211,2.1712405933672376,-0.5388159060803247,0.17707779571179175,-0.22941573387056183,-0.18569533817705192,-0.13018891098082386,-0.18569533817705192,3.5118845842842465,1.6461987071916395,6.244997998398398,-0.09166984970282112,-0.09166984970282112,-0.13018891098082386,-0.18569533817705192,-0.4858991738093781,-0.0916698497028211,-0.16012815380508713,-0.0916698497028211,-0.0916698497028211,-0.3097775453739583,-1.0574117464488784,-0.3896499276229206,0.0,1.0,0.0,0.0
Lamine Yamal,8,0.3273504273504273,2024,-1.1243446728633644,-0.14609272693228922,-0.4605661864718382,-0.30151134457776363,-0.0916698497028211,-0.4605661864718383,-0.5388159060803247,0.33660119974089414,-0.22941573387056183,-0.18569533817705192,-0.13018891098082386,-0.18569533817705192,3.5118845842842465,1.7215707506355986,-0.16012815380508713,10.908712114635714,-0.09166984970282112,-0.13018891098082386,-0.18569533817705192,-0.4858991738093781,-0.0916698497028211,-0.16012815380508713,-0.0916698497028211,-0.0916698497028211,0.20109245669789375,0.1660264464824772,1.2545900808253123,0.0,1.0,0.0,0.0
Toni Kroos,9,0.2487179487179487,2024,0.8894069800262434,0.8586556717324452,-0.4605661864718382,-0.30151134457776363,-0.0916698497028211,-0.4605661864718383,1.8559214542766738,0.4184080736019723,-0.22941573387056183,-0.18569533817705192,-0.13018891098082386,-0.18569533817705192,-0.2847473987257497,1.847190823042197,-0.16012815380508713,-0.09166984970282112,-0.09166984970282112,-0.13018891098082386,-0.18569533817705192,-0.4858991738093781,-0.0916698497028211,-0.16012815380508713,-0.0916698497028211,-0.0916698497028211,1.1927812842491365,-0.5521174635495977,0.05738529454867579,0.0,0.0,0.0,1.0
Harry Kane,10,0.1717948717948718,2024,-1.1243446728633644,1.309060126306291,2.171240593367237,-0.30151134457776363,-0.0916698497028211,-0.4605661864718383,-0.5388159060803247,0.4920342600769424,4.358898943540674,-0.18569533817705192,-0.13018891098082386,-0.18569533817705192,-0.2847473987257497,1.6053721836594945,6.244997998398398,-0.09166984970282112,-0.09166984970282112,-0.13018891098082386,-0.18569533817705192,-0.4858991738093781,-0.0916698497028211,-0.16012815380508713,-0.0916698497028211,-0.0916698497028211,-0.33982872196641956,-0.6452764390103795,0.9406103908149797,0.0,1.0,0.0,0.0
Phil Foden,11,0.1341880341880341,2024,0.8894069800262434,1.4129996158233336,-0.4605661864718382,-0.30151134457776363,-0.0916698497028211,2.1712405933672376,-0.5388159060803247,0.6638286951852059,-0.22941573387056183,-0.18569533817705192,-0.13018891098082386,-0.18569533817705192,-0.2847473987257497,1.639917703571309,-0.16012815380508713,-0.09166984970282112,-0.09166984970282112,-0.13018891098082386,-0.18569533817705192,-0.4858991738093781,-0.0916698497028211,-0.16012815380508713,-0.0916698497028211,-0.0916698497028211,0.05083657373558479,-0.489961795122164,0.08307028818661367,0.0,0.0,0.0,1.0
Florian Wirtz,12,0.0863247863247863,2024,0.8894069800262434,0.8586556717324452,-0.4605661864718382,-0.30151134457776363,-0.0916698497028211,2.1712405933672376,-0.5388159060803247,-2.624807634030131,-0.22941573387056183,-0.18569533817705192,-0.13018891098082386,-0.18569533817705192,-0.2847473987257497,1.740413761496588,-0.16012815380508713,-0.09166984970282112,-0.09166984970282112,-0.13018891098082386,-0.18569533817705192,-0.4858991738093781,-0.0916698497028211,-0.16012815380508713,-0.0916698497028211,-0.0916698497028211,0.2912459864752802,-0.7376156154871065,-0.39400368912976763,0.0,0.0,0.0,1.0
Dani Olmo,13,0.0735042735042735,2024,-1.1243446728633644,-0.5964971815061353,-0.4605661864718382,-0.30151134457776363,-0.0916698497028211,-0.4605661864718383,-0.5388159060803247,0.3611432618992174,-0.22941573387056183,-0.18569533817705192,-0.13018891098082386,-0.18569533817705192,3.5118845842842465,1.8503313248523618,6.244997998398398,-0.09166984970282112,-0.09166984970282112,-0.13018891098082386,-0.18569533817705192,-0.4858991738093781,-0.0916698497028211,-0.16012815380508713,-0.0916698497028211,-0.0916698497028211,3.7471312946083972,-0.6079383216456982,-0.3456029454618246,0.0,0.0,0.0,1.0
Ademola Lookman,14,0.07008547008547,2024,-1.1243446728633644,-0.45791119548341314,-0.4605661864718382,-0.30151134457776363,-0.0916698497028211,-0.4605661864718383,-0.5388159060803247,-2.624807634030131,-0.22941573387056183,-0.18569533817705192,-0.13018891098082386,-0.18569533817705192,-0.2847473987257497,1.6807442271034538,-0.16012815380508713,-0.09166984970282112,-0.09166984970282112,-0.13018891098082386,-0.18569533817705192,-0.4858991738093781,-0.0916698497028211,-0.16012815380508713,-0.0916698497028211,-0.0916698497028211,0.20109245669789375,-1.005764410453421,-0.2753610969948866,0.0,1.0,0.0,0.0
Nico Williams,15,0.0623931623931623,2024,-1.1243446728633644,-0.9776086430686217,-0.4605661864718382,-0.30151134457776363,-0.0916698497028211,-0.4605661864718383,-0.5388159060803247,-2.624807634030131,-0.22941573387056183,-0.18569533817705192,-0.13018891098082386,-0.18569533817705192,3.5118845842842465,1.6933062343441134,-0.16012815380508713,-0.09166984970282112,-0.09166984970282112,-0.13018891098082386,-0.18569533817705192,-0.4858991738093781,-0.0916698497028211,-0.16012815380508713,-0.0916698497028211,-0.0916698497028211,0.92232069491698,0.2324301641909228,0.07206517832186395,0.0,1.0,0.0,0.0
Granit Xhaka,16,0.0512820512820512,2024,0.8894069800262434,0.3736047206529194,-0.4605661864718382,-0.30151134457776363,-0.0916698497028211,-0.4605661864718383,-0.5388159060803247,-2.624807634030131,-0.22941573387056183,-0.18569533817705192,-0.13018891098082386,-0.18569533817705192,-0.2847473987257497,1.7341327578762582,-0.16012815380508713,-0.09166984970282112,-0.09166984970282112,-0.13018891098082386,-0.18569533817705192,-0.4858991738093781,-0.0916698497028211,-0.16012815380508713,-0.0916698497028211,-0.0916698497028211,0.05083657373558479,0.5640015896509377,-0.39626310504733125,0.0,0.0,0.0,1.0
Federico Valverde,17,0.0495726495726495,2024,0.8894069800262434,-0.007506740909567126,-0.4605661864718382,-0.30151134457776363,-0.0916698497028211,-0.4605661864718383,1.8559214542766738,0.2793363880381393,-0.22941573387056183,-0.18569533817705192,-0.13018891098082386,-0.18569533817705192,-0.2847473987257497,1.8126453031303824,-0.16012815380508713,-0.09166984970282112,-0.09166984970282112,-0.13018891098082386,-0.18569533817705192,-0.4858991738093781,-0.0916698497028211,-0.16012815380508713,-0.0916698497028211,-0.0916698497028211,-0.4900846049287285,-0.036389375398709546,-0.47379737132472743,0.0,0.0,0.0,1.0
Emiliano Martínez,18,0.0239316239316239,2024,-1.1243446728633644,-0.9776086430686217,-0.4605661864718382,-0.30151134457776363,-0.0916698497028211,-0.4605661864718383,-0.5388159060803247,-2.624807634030131,-0.22941573387056183,-0.18569533817705192,-0.13018891098082386,-0.18569533817705192,3.5118845842842465,1.743554263306753,-0.16012815380508713,-0.09166984970282112,10.908712114635714,-0.13018891098082386,-0.18569533817705192,-0.4858991738093781,-0.0916698497028211,-0.16012815380508713,-0.0916698497028211,-0.0916698497028211,-0.8807499006307355,0.47986040301475935,-0.32419941606597386,0.0,0.0,1.0,0.0
Martin Ødegaard,19,0.0136752136752136,2024,-1.1243446728633644,0.9972416577551673,-0.4605661864718382,-0.30151134457776363,-0.0916698497028211,-0.4605661864718383,-0.5388159060803247,0.3734142929783792,-0.22941573387056183,-0.18569533817705192,-0.13018891098082386,-0.18569533817705192,-0.2847473987257497,-0.5898385816458167,-0.16012815380508713,-0.09166984970282112,-0.09166984970282112,-0.13018891098082386,-0.18569533817705192,-0.4858991738093781,-0.0916698497028211,-0.16012815380508713,-0.0916698497028211,-0.0916698497028211,0.231143633290355,-0.1694949195370744,-0.3340101043363526,0.0,0.0,0.0,1.0
Hakan Çalhanoğlu,20,0.0128205128205128,2024,0.8894069800262434,1.0318881542608471,-0.4605661864718382,-0.30151134457776363,-0.0916698497028211,-0.4605661864718383,-0.5388159060803247,0.39386601144364863,-0.22941573387056183,-0.18569533817705192,-0.13018891098082386,-0.18569533817705192,-0.2847473987257497,1.6556202126221342,-0.16012815380508713,-0.09166984970282112,-0.09166984970282112,-0.13018891098082386,-0.18569533817705192,-0.4858991738093781,-0.0916698497028211,-0.16012815380508713,-0.0916698497028211,-0.0916698497028211,0.5016042226225117,1.1188564474953542,-0.5421150002834427,0.0,0.0,0.0,1.0
Bukayo Saka,21,0.0119658119658119,2024,-1.1243446728633644,1.170474140283569,-0.4605661864718382,-0.30151134457776363,-0.0916698497028211,-0.4605661864718383,-0.5388159060803247,0.5288473533144274,-0.22941573387056183,-0.18569533817705192,-0.13018891098082386,-0.18569533817705192,-0.2847473987257497,1.639917703571309,-0.16012815380508713,-0.09166984970282112,-0.09166984970282112,-0.13018891098082386,-0.18569533817705192,-0.4858991738093781,-0.0916698497028211,-0.16012815380508713,-0.0916698497028211,-0.0916698497028211,-1.4817734324799714,-0.4914523387295365,-0.0476775456180335,0.0,1.0,0.0,0.0
Antonio Rüdiger,22,0.0111111111111111,2024,0.8894069800262434,-1.56659908366519,-0.4605661864718382,-0.30151134457776363,-0.0916698497028211,-0.4605661864718383,1.8559214542766738,0.27115570065203165,-0.22941573387056183,-0.18569533817705192,-0.13018891098082386,-0.18569533817705192,-0.2847473987257497,1.7027277397746088,-0.16012815380508713,-0.09166984970282112,-0.09166984970282112,-0.13018891098082386,-0.18569533817705192,-0.4858991738093781,-0.0916698497028211,-0.16012815380508713,-0.0916698497028211,-0.0916698497028211,-1.571926962257358,-0.6386435199575718,-0.3212450869287434,1.0,0.0,0.0,0.0
Rúben Dias,23,0.0068376068376068,2024,0.8894069800262434,-0.5964971815061353,-0.4605661864718382,-0.30151134457776363,-0.0916698497028211,-0.4605661864718383,-0.5388159060803247,0.31205913758257053,-0.22941573387056183,-0.18569533817705192,-0.13018891098082386,-0.18569533817705192,-0.2847473987257497,1.7027277397746088,-0.16012815380508713,-0.09166984970282112,-0.09166984970282112,-0.13018891098082386,-0.18569533817705192,-0.4858991738093781,-0.0916698497028211,-0.16012815380508713,-0.0916698497028211,-0.0916698497028211,-0.3999310751513448,-1.0550268766770823,-0.540886957933082,1.0,0.0,0.0,0.0
William Saliba,24,0.0068376068376068,2024,-1.1243446728633644,-1.1854876221027033,-0.4605661864718382,-0.30151134457776363,-0.0916698497028211,-0.4605661864718383,-0.5388159060803247,0.14844538986041467,-0.22941573387056183,-0.18569533817705192,-0.13018891098082386,-0.18569533817705192,-0.2847473987257497,1.6336366999509793,-0.16012815380508713,-0.09166984970282112,-0.09166984970282112,-0.13018891098082386,-0.18569533817705192,-0.4858991738093781,-0.0916698497028211,-0.16012815380508713,-0.0916698497028211,-0.0916698497028211,-1.4216710792950489,-0.8684108170340441,-0.4347563427791508,1.0,0.0,0.0,0.0
Cole Palmer,25,0.0059829059829059,2024,-1.1243446728633644,1.1011811472722095,-0.4605661864718382,-0.30151134457776363,-0.0916698497028211,-0.4605661864718383,-0.5388159060803247,-2.624807634030131,-0.22941573387056183,-0.18569533817705192,-0.13018891098082386,-0.18569533817705192,-0.2847473987257497,1.57710766736801,-0.16012815380508713,-0.09166984970282112,-0.09166984970282112,-0.13018891098082386,-0.18569533817705192,-0.4858991738093781,-0.0916698497028211,-0.16012815380508713,-0.0916698497028211,-0.0916698497028211,0.231143633290355,1.3279797156097173,0.40411615107048143,0.0,1.0,0.0,0.0
Declan Rice,26,0.0042735042735042,2024,-1.1243446728633644,0.16572574161883472,-0.4605661864718382,-0.30151134457776363,-0.0916698497028211,-0.4605661864718383,-0.5388159060803247,0.32842051235478614,-0.22941573387056183,-0.18569533817705192,-0.13018891098082386,-0.18569533817705192,-0.2847473987257497,1.7309922560660933,-0.16012815380508713,-0.09166984970282112,-0.09166984970282112,-0.13018891098082386,-0.18569533817705192,-0.4858991738093781,-0.0916698497028211,-0.16012815380508713,-0.0916698497028211,-0.0916698497028211,-1.0310057835930446,0.6351750469029749,-0.18215804170045477,0.0,0.0,0.0,1.0
Vitinha,27,0.0042735042735042,2024,0.8894069800262434,0.3736047206529194,-0.4605661864718382,-0.30151134457776363,-0.0916698497028211,-0.4605661864718383,-0.5388159060803247,0.4347694483741879,-0.22941573387056183,-0.18569533817705192,-0.13018891098082386,-0.18569533817705192,-0.2847473987257497,1.7184302488254333,-0.16012815380508713,-0.09166984970282112,-0.09166984970282112,-0.13018891098082386,-0.18569533817705192,-0.4858991738093781,-0.0916698497028211,-0.16012815380508713,-0.0916698497028211,-0.0916698497028211,-0.3097775453739583,-0.24752487738302534,-0.6761376979515982,0.0,0.0,0.0,1.0
Álex Grimaldo,28,0.0017094017094017,2024,0.8894069800262434,1.2744136298006115,-0.4605661864718382,3.3166247903554,-0.0916698497028211,-0.4605661864718383,-0.5388159060803247,-2.624807634030131,-0.22941573387056183,-0.18569533817705192,-0.13018891098082386,-0.18569533817705192,3.5118845842842465,1.7027277397746088,-0.16012815380508713,-0.09166984970282112,-0.09166984970282112,-0.13018891098082386,-0.18569533817705192,-0.4858991738093781,-0.0916698497028211,-0.16012815380508713,-0.0916698497028211,-0.0916698497028211,0.17104128010543249,-1.048692066345749,-0.5212726594462171,1.0,0.0,0.0,0.0
Artem Dovbyk,29,0.0,2024,-1.1243446728633644,-0.631143678011815,2.171240593367237,-0.30151134457776363,-0.0916698497028211,-0.4605661864718383,-0.5388159060803247,-2.624807634030131,-0.22941573387056183,-0.18569533817705192,-0.13018891098082386,-0.18569533817705192,-0.2847473987257497,1.5990911800391647,-0.16012815380508713,-0.09166984970282112,-0.09166984970282112,-0.13018891098082386,-0.18569533817705192,-0.4858991738093781,-0.0916698497028211,-0.16012815380508713,-0.0916698497028211,-0.0916698497028211,-1.5418757856648966,-0.7055689279285975,-0.5102832224150866,0.0,1.0,0.0,0.0
Mats Hummels,29,0.0,2024,-1.1243446728633644,-1.1508411255970237,-0.4605661864718382,-0.30151134457776363,-0.0916698497028211,-0.4605661864718383,-0.5388159060803247,0.38159498036448686,-0.22941573387056183,-0.18569533817705192,-0.13018891098082386,-0.18569533817705192,-0.2847473987257497,-0.5898385816458167,-0.16012815380508713,-0.09166984970282112,-0.09166984970282112,-0.13018891098082386,-0.18569533817705192,-0.4858991738093781,-0.0916698497028211,-0.16012815380508713,-0.0916698497028211,-0.0916698497028211,-0.06936813263426292,-0.49979938293082254,-0.47357087360016525,1.0,0.0,0.0,0.0
Ousmane Dembélé,1,1.0,2025,0.8894069800262434,1.2744136298006115,2.171240593367237,-0.30151134457776363,-0.0916698497028211,2.1712405933672376,1.8559214542766738,0.49612460376999623,-0.22941573387056183,-0.18569533817705192,-0.13018891098082386,5.3851648071345055,-0.2847473987257497,-0.5898385816458167,-0.16012815380508713,-0.09166984970282112,-0.09166984970282112,-0.13018891098082386,-0.18569533817705192,-0.4858991738093781,-0.0916698497028211,-0.16012815380508713,-0.0916698497028211,-0.0916698497028211,1.0124742246943663,-0.902075857255852,-0.29949700798090795,0.0,1.0,0.0,0.0
Lamine Yamal,2,0.7673913043478261,2025,0.8894069800262434,1.4129996158233336,-0.4605661864718382,3.3166247903554,-0.0916698497028211,-0.4605661864718383,-0.5388159060803247,0.5206666659283198,-0.22941573387056183,-0.18569533817705192,-0.13018891098082386,-0.18569533817705192,-0.2847473987257497,-0.5898385816458167,-0.16012815380508713,-0.09166984970282112,-0.09166984970282112,-0.13018891098082386,-0.18569533817705192,-0.4858991738093781,-0.0916698497028211,-0.16012815380508713,-0.0916698497028211,-0.0916698497028211,1.7337024629134499,3.294289161397219,1.1288004237724099,0.0,1.0,0.0,0.0
Vitinha,3,0.5094202898550725,2025,0.8894069800262434,0.3043117276415568,-0.4605661864718382,-0.30151134457776363,-0.0916698497028211,-0.4605661864718383,1.8559214542766738,0.4429501357602955,-0.22941573387056183,-0.18569533817705192,-0.13018891098082386,-0.18569533817705192,-0.2847473987257497,-0.5898385816458167,-0.16012815380508713,-0.09166984970282112,-0.09166984970282112,-0.13018891098082386,-0.18569533817705192,-0.4858991738093781,-0.0916698497028211,-0.16012815380508713,-0.0916698497028211,-0.0916698497028211,0.5016042226225117,-0.67647348298998,-0.6756252974073039,0.0,0.0,0.0,1.0
Mohamed Salah,4,0.4760869565217391,2025,0.8894069800262434,1.3783531193176537,2.171240593367237,3.3166247903554,-0.0916698497028211,2.1712405933672376,-0.5388159060803247,0.4143177299089181,-0.22941573387056183,-0.18569533817705192,-0.13018891098082386,-0.18569533817705192,-0.2847473987257497,-0.5898385816458167,-0.16012815380508713,-0.09166984970282112,-0.09166984970282112,-0.13018891098082386,-0.18569533817705192,-0.4858991738093781,-0.0916698497028211,-0.16012815380508713,-0.0916698497028211,-0.0916698497028211,0.08088775032804604,-0.6607898954741708,0.2942018105356941,0.0,1.0,0.0,0.0
Raphinha,5,0.4492753623188406,2025,0.8894069800262434,1.4476461123290132,-0.4605661864718382,-0.30151134457776363,-0.0916698497028211,2.1712405933672376,-0.5388159060803247,0.7456355690462844,4.358898943540674,5.3851648071345055,-0.13018891098082386,-0.18569533817705192,-0.2847473987257497,-0.5898385816458167,-0.16012815380508713,-0.09166984970282112,-0.09166984970282112,-0.13018891098082386,-0.18569533817705192,-0.4858991738093781,-0.0916698497028211,-0.16012815380508713,-0.0916698497028211,-0.0916698497028211,0.8922695183245187,-0.002400934425890483,-0.1167161249232347,0.0,1.0,0.0,0.0
Achraf Hakimi,6,0.3507246376811594,2025,0.8894069800262434,1.309060126306291,-0.4605661864718382,-0.30151134457776363,-0.0916698497028211,-0.4605661864718383,1.8559214542766738,0.46340185422556496,-0.22941573387056183,-0.18569533817705192,-0.13018891098082386,-0.18569533817705192,-0.2847473987257497,-0.5898385816458167,-0.16012815380508713,-0.09166984970282112,-0.09166984970282112,-0.13018891098082386,-0.18569533817705192,-0.4858991738093781,-0.0916698497028211,-0.16012815380508713,-0.0916698497028211,-0.0916698497028211,0.6518601055848233,-0.8355613604580351,-0.3297005806663341,1.0,0.0,0.0,0.0
Kylian Mbappé,7,0.2739130434782608,2025,-1.1243446728633644,1.1011811472722095,2.171240593367237,-0.30151134457776363,-0.0916698497028211,-0.4605661864718383,-0.5388159060803247,0.35296257451310975,-0.22941573387056183,-0.18569533817705192,-0.13018891098082386,-0.18569533817705192,-0.2847473987257497,-0.5898385816458167,-0.16012815380508713,-0.09166984970282112,-0.09166984970282112,-0.13018891098082386,-0.18569533817705192,-0.4858991738093781,-0.0916698497028211,-0.16012815380508713,-0.0916698497028211,-0.0916698497028211,0.7119624587697458,0.3728791647985509,0.4986064010228048,0.0,1.0,0.0,0.0
Cole Palmer,8,0.1528985507246376,2025,-1.1243446728633644,0.8586556717324452,-0.4605661864718382,-0.30151134457776363,-0.0916698497028211,-0.4605661864718383,-0.5388159060803247,-2.624807634030131,-0.22941573387056183,-0.18569533817705192,-0.13018891098082386,-0.18569533817705192,-0.2847473987257497,-0.5898385816458167,-0.16012815380508713,-0.09166984970282112,-0.09166984970282112,-0.13018891098082386,-0.18569533817705192,-0.4858991738093781,-0.0916698497028211,-0.16012815380508713,-0.0916698497028211,-0.0916698497028211,-0.03931695604180166,0.568722937111349,-0.04334678778633734,0.0,1.0,0.0,0.0
Gianluigi Donnarumma,9,0.1246376811594203,2025,0.8894069800262434,-1.6012455801708696,-0.4605661864718382,-0.30151134457776363,-0.0916698497028211,-0.4605661864718383,1.8559214542766738,0.2793363880381393,-0.22941573387056183,-0.18569533817705192,7.681145747868607,-0.18569533817705192,-0.2847473987257497,-0.5898385816458167,-0.16012815380508713,-0.09166984970282112,-0.09166984970282112,-0.13018891098082386,-0.18569533817705192,-0.4858991738093781,-0.0916698497028211,-0.16012815380508713,-0.0916698497028211,-0.0916698497028211,-1.0009546070005833,-0.9534697671153501,-0.46594705119495133,0.0,0.0,1.0,0.0
Nuno Mendes,10,0.1239130434782608,2025,0.8894069800262434,-0.31932520946069104,-0.4605661864718382,-0.30151134457776363,-0.0916698497028211,-0.4605661864718383,1.8559214542766738,0.39386601144364863,-0.22941573387056183,-0.18569533817705192,-0.13018891098082386,-0.18569533817705192,-0.2847473987257497,-0.5898385816458167,-0.16012815380508713,-0.09166984970282112,-0.09166984970282112,-0.13018891098082386,-0.18569533817705192,-0.4858991738093781,-0.0916698497028211,-0.16012815380508713,-0.0916698497028211,-0.0916698497028211,0.231143633290355,-0.4273859417773579,-0.6782856345203538,1.0,0.0,0.0,0.0
Pedri,11,0.0898550724637681,2025,0.8894069800262434,0.7200696857097231,-0.4605661864718382,-0.30151134457776363,-0.0916698497028211,-0.4605661864718383,-0.5388159060803247,0.4143177299089181,-0.22941573387056183,-0.18569533817705192,-0.13018891098082386,-0.18569533817705192,-0.2847473987257497,-0.5898385816458167,-0.16012815380508713,-0.09166984970282112,-0.09166984970282112,-0.13018891098082386,-0.18569533817705192,-0.4858991738093781,-0.0916698497028211,-0.16012815380508713,-0.0916698497028211,-0.0916698497028211,-0.2496751921890358,2.6056590264723014,-0.40768935911868887,0.0,0.0,0.0,1.0
Khvicha Kvaratskhelia,12,0.0891304347826087,2025,0.8894069800262434,-0.07679973392092664,-0.4605661864718382,-0.30151134457776363,-0.0916698497028211,-0.4605661864718383,1.8559214542766738,0.47976322899778057,-0.22941573387056183,-0.18569533817705192,-0.13018891098082386,-0.18569533817705192,-0.2847473987257497,-0.5898385816458167,-0.16012815380508713,-0.09166984970282112,-0.09166984970282112,-0.13018891098082386,-0.18569533817705192,-0.4858991738093781,-0.0916698497028211,-0.16012815380508713,-0.0916698497028211,-0.0916698497028211,0.92232069491698,-0.3416489966909339,-0.31226076145032206,0.0,1.0,0.0,0.0
Harry Kane,13,0.081159420289855,2025,0.8894069800262434,1.205120636789252,2.171240593367237,-0.30151134457776363,-0.0916698497028211,2.1712405933672376,-0.5388159060803247,0.5247570096213736,-0.22941573387056183,-0.18569533817705192,-0.13018891098082386,-0.18569533817705192,-0.2847473987257497,-0.5898385816458167,-0.16012815380508713,-0.09166984970282112,-0.09166984970282112,-0.13018891098082386,-0.18569533817705192,-0.4858991738093781,-0.0916698497028211,-0.16012815380508713,-0.0916698497028211,-0.0916698497028211,0.02078539714312353,1.7955816241172702,0.050709173002149076,0.0,1.0,0.0,0.0
Désiré Doué,14,0.0536231884057971,2025,0.8894069800262434,-0.21538571994364872,-0.4605661864718382,-0.30151134457776363,-0.0916698497028211,-0.4605661864718383,1.8559214542766738,0.38977566775059486,-0.22941573387056183,-0.18569533817705192,-0.13018891098082386,-0.18569533817705192,-0.2847473987257497,-0.5898385816458167,-0.16012815380508713,-0.09166984970282112,-0.09166984970282112,-0.13018891098082386,-0.18569533817705192,-0.4858991738093781,-0.0916698497028211,-0.16012815380508713,-0.0916698497028211,-0.0916698497028211,0.4114506928451279,0.13867092456246602,-0.30865297626622407,0.0,0.0,0.0,1.0
Viktor Gyökeres,15,0.0405797101449275,2025,0.8894069800262434,2.140576042442624,2.171240593367237,-0.30151134457776363,-0.0916698497028211,2.1712405933672376,-0.5388159060803247,0.385685324057541,-0.22941573387056183,-0.18569533817705192,-0.13018891098082386,-0.18569533817705192,-0.2847473987257497,-0.5898385816458167,-0.16012815380508713,-0.09166984970282112,-0.09166984970282112,-0.13018891098082386,-0.18569533817705192,-0.4858991738093781,-0.0916698497028211,-0.16012815380508713,-0.0916698497028211,-0.0916698497028211,2.3647771713551524,0.8862552628160414,0.08430060562572558,0.0,1.0,0.0,0.0
Vinícius Júnior,16,0.0369565217391304,2025,-1.1243446728633644,-0.04215323741524688,-0.4605661864718382,-0.30151134457776363,-0.0916698497028211,-0.4605661864718383,-0.5388159060803247,0.4388597920672417,-0.22941573387056183,-0.18569533817705192,-0.13018891098082386,-0.18569533817705192,-0.2847473987257497,-0.5898385816458167,-0.16012815380508713,-0.09166984970282112,-0.09166984970282112,-0.13018891098082386,-0.18569533817705192,-0.4858991738093781,-0.0916698497028211,-0.16012815380508713,-0.0916698497028211,-0.0916698497028211,-0.5201357815211924,-0.5045170208935686,-0.1283590180012327,0.0,1.0,0.0,0.0
Robert Lewandowski,17,0.0355072463768115,2025,0.8894069800262434,-0.38861820247205364,-0.4605661864718382,-0.30151134457776363,-0.0916698497028211,-0.4605661864718383,-0.5388159060803247,0.40613704252281047,-0.22941573387056183,-0.18569533817705192,-0.13018891098082386,-0.18569533817705192,-0.2847473987257497,-0.5898385816458167,-0.16012815380508713,-0.09166984970282112,-0.09166984970282112,-0.13018891098082386,-0.18569533817705192,-0.4858991738093781,-0.0916698497028211,-0.16012815380508713,-0.0916698497028211,-0.0916698497028211,-0.580238134706115,2.5323080940906704,0.001810437685335972,0.0,1.0,0.0,0.0
Scott McTominay,18,0.0326086956521739,2025,0.8894069800262434,-0.5618506850004555,-0.4605661864718382,-0.30151134457776363,-0.0916698497028211,2.1712405933672376,-0.5388159060803247,-2.624807634030131,-0.22941573387056183,-0.18569533817705192,-0.13018891098082386,-0.18569533817705192,-0.2847473987257497,-0.5898385816458167,-0.16012815380508713,-0.09166984970282112,-0.09166984970282112,-0.13018891098082386,-0.18569533817705192,-0.4858991738093781,-0.0916698497028211,-0.16012815380508713,-0.0916698497028211,-0.0916698497028211,-1.1812616665553535,0.09789359702136186,-0.32927336955638975,0.0,0.0,0.0,1.0
João Neves,19,0.0289855072463768,2025,0.8894069800262434,0.2350187346301973,-0.4605661864718382,-0.30151134457776363,-0.0916698497028211,-0.4605661864718383,1.8559214542766738,0.385685324057541,-0.22941573387056183,-0.18569533817705192,-0.13018891098082386,-0.18569533817705192,-0.2847473987257497,-0.5898385816458167,-0.16012815380508713,-0.09166984970282112,-0.09166984970282112,-0.13018891098082386,-0.18569533817705192,-0.4858991738093781,-0.0916698497028211,-0.16012815380508713,-0.0916698497028211,-0.0916698497028211,-0.6703916644835014,0.4258012190826665,-0.5370011063460616,0.0,0.0,0.0,1.0
Lautaro Martínez,20,0.0268115942028985,2025,-1.1243446728633644,-0.631143678011815,-0.4605661864718382,-0.30151134457776363,-0.0916698497028211,-0.4605661864718383,-0.5388159060803247,0.36523360559227125,-0.22941573387056183,-0.18569533817705192,-0.13018891098082386,-0.18569533817705192,-0.2847473987257497,-0.5898385816458167,-0.16012815380508713,-0.09166984970282112,-0.09166984970282112,-0.13018891098082386,-0.18569533817705192,-0.4858991738093781,-0.0916698497028211,-0.16012815380508713,-0.0916698497028211,-0.0916698497028211,-0.18957283900411062,0.058081413327384604,-0.4495413862101714,0.0,1.0,0.0,0.0
Serhou Guirassy,21,0.0181159420289855,2025,-1.1243446728633644,-0.4232646989777334,-0.4605661864718382,-0.30151134457776363,-0.0916698497028211,-0.4605661864718383,-0.5388159060803247,0.4184080736019723,4.358898943540674,-0.18569533817705192,-0.13018891098082386,-0.18569533817705192,-0.2847473987257497,-0.5898385816458167,-0.16012815380508713,-0.09166984970282112,-0.09166984970282112,-0.13018891098082386,-0.18569533817705192,-0.4858991738093781,-0.0916698497028211,-0.16012815380508713,-0.0916698497028211,-0.0916698497028211,0.38139951625266666,-0.12650234743560157,-0.5289346527849231,0.0,1.0,0.0,0.0
Alexis Mac Allister,22,0.0152173913043478,2025,0.8894069800262434,-0.4925576919890929,-0.4605661864718382,-0.30151134457776363,-0.0916698497028211,-0.4605661864718383,-0.5388159060803247,0.4593115105325111,-0.22941573387056183,-0.18569533817705192,-0.13018891098082386,-0.18569533817705192,-0.2847473987257497,-0.5898385816458167,-0.16012815380508713,-0.09166984970282112,-0.09166984970282112,-0.13018891098082386,-0.18569533817705192,-0.4858991738093781,-0.0916698497028211,-0.16012815380508713,-0.0916698497028211,-0.0916698497028211,-1.3315175495176625,-0.5617822224897543,-0.4597507205872852,0.0,0.0,0.0,1.0
Jude Bellingham,23,0.0152173913043478,2025,-1.1243446728633644,0.2350187346301973,-0.4605661864718382,-0.30151134457776363,-0.0916698497028211,-0.4605661864718383,-0.5388159060803247,0.38977566775059486,-0.22941573387056183,-0.18569533817705192,-0.13018891098082386,-0.18569533817705192,-0.2847473987257497,-0.5898385816458167,-0.16012815380508713,-0.09166984970282112,-0.09166984970282112,-0.13018891098082386,-0.18569533817705192,-0.4858991738093781,-0.0916698497028211,-0.16012815380508713,-0.0916698497028211,-0.0916698497028211,1.1927812842491365,5.262137037034684,0.07660094692880559,0.0,0.0,0.0,1.0
Fabián Ruiz,24,0.0144927536231884,2025,0.8894069800262434,-0.38861820247205364,-0.4605661864718382,-0.30151134457776363,-0.0916698497028211,-0.4605661864718383,1.8559214542766738,0.3079687938895167,-0.22941573387056183,-0.18569533817705192,-0.13018891098082386,-0.18569533817705192,-0.2847473987257497,-0.5898385816458167,-0.16012815380508713,-0.09166984970282112,-0.09166984970282112,-0.13018891098082386,-0.18569533817705192,-0.4858991738093781,-0.0916698497028211,-0.16012815380508713,-0.0916698497028211,-0.0916698497028211,0.08088775032804604,-0.271193495850683,-0.550154405567206,0.0,0.0,0.0,1.0
Denzel Dumfries,25,0.0144927536231884,2025,-1.1243446728633644,-1.2201341186083832,-0.4605661864718382,-0.30151134457776363,-0.0916698497028211,-0.4605661864718383,-0.5388159060803247,0.31205913758257053,-0.22941573387056183,-0.18569533817705192,-0.13018891098082386,-0.18569533817705192,-0.2847473987257497,-0.5898385816458167,-0.16012815380508713,-0.09166984970282112,-0.09166984970282112,-0.13018891098082386,-0.18569533817705192,-0.4858991738093781,-0.0916698497028211,-0.16012815380508713,-0.0916698497028211,-0.0916698497028211,-0.27972636878149704,-0.5342756228466427,-0.570243186452512,1.0,0.0,0.0,0.0
Erling Haaland,26,0.0130434782608695,2025,-1.1243446728633644,-0.38861820247205364,-0.4605661864718382,-0.30151134457776363,-0.0916698497028211,-0.4605661864718383,-0.5388159060803247,0.40613704252281047,-0.22941573387056183,-0.18569533817705192,-0.13018891098082386,-0.18569533817705192,-0.2847473987257497,-0.5898385816458167,-0.16012815380508713,-0.09166984970282112,-0.09166984970282112,-0.13018891098082386,-0.18569533817705192,-0.4858991738093781,-0.0916698497028211,-0.16012815380508713,-0.0916698497028211,-0.0916698497028211,0.231143633290355,-0.18505440749462282,0.16846877791393208,0.0,1.0,0.0,0.0
Declan Rice,27,0.0094202898550724,2025,-1.1243446728633644,-0.07679973392092664,-0.4605661864718382,-0.30151134457776363,-0.0916698497028211,-0.4605661864718383,-0.5388159060803247,0.3734142929783792,-0.22941573387056183,-0.18569533817705192,-0.13018891098082386,-0.18569533817705192,-0.2847473987257497,-0.5898385816458167,-0.16012815380508713,-0.09166984970282112,-0.09166984970282112,-0.13018891098082386,-0.18569533817705192,-0.4858991738093781,-0.0916698497028211,-0.16012815380508713,-0.0916698497028211,-0.0916698497028211,0.6218089289923594,-0.17122067901913982,-0.31327671497154475,0.0,0.0,0.0,1.0
Virgil van Dijk,28,0.0050724637681159,2025,0.8894069800262434,-0.35397170596637084,-0.4605661864718382,-0.30151134457776363,-0.0916698497028211,-0.4605661864718383,-0.5388159060803247,0.36523360559227125,-0.22941573387056183,-0.18569533817705192,-0.13018891098082386,-0.18569533817705192,-0.2847473987257497,-0.5898385816458167,-0.16012815380508713,-0.09166984970282112,-0.09166984970282112,-0.13018891098082386,-0.18569533817705192,-0.4858991738093781,-0.0916698497028211,-0.16012815380508713,-0.0916698497028211,-0.0916698497028211,0.3212971630677415,-0.6366612992960027,-0.28598576146291077,1.0,0.0,0.0,0.0
Florian Wirtz,29,0.0036231884057971,2025,-1.1243446728633644,1.0318881542608471,-0.4605661864718382,-0.30151134457776363,-0.0916698497028211,-0.4605661864718383,-0.5388159060803247,0.5820218213241282,-0.22941573387056183,-0.18569533817705192,-0.13018891098082386,-0.18569533817705192,-0.2847473987257497,-0.5898385816458167,-0.16012815380508713,-0.09166984970282112,-0.09166984970282112,-0.13018891098082386,-0.18569533817705192,-0.4858991738093781,-0.0916698497028211,-0.16012815380508713,-0.0916698497028211,-0.0916698497028211,0.5316553992149756,0.28730307701998165,-0.36109200246751677,0.0,0.0,0.0,1.0
Michael Olise,30,0.0028985507246376,2025,0.8894069800262434,1.8287575738914998,-0.4605661864718382,3.3166247903554,-0.0916698497028211,-0.4605661864718383,-0.5388159060803247,0.4920342600769424,-0.22941573387056183,-0.18569533817705192,-0.13018891098082386,-0.18569533817705192,-0.2847473987257497,-0.5898385816458167,-0.16012815380508713,-0.09166984970282112,-0.09166984970282112,-0.13018891098082386,-0.18569533817705192,-0.4858991738093781,-0.0916698497028211,-0.16012815380508713,-0.0916698497028211,-0.0916698497028211,0.14099010351297123,-0.7626929999999674,-0.33311675282005476,0.0,1.0,0.0,0.0
